Fira Code,https://github.com/tonsky/FiraCode.git
Source Code Pro,https://github.com/adobe-fonts/source-code-pro.git
Cascadia Code,https://github.com/microsoft/cascadia-code.git
Inter,https://github.com/rsms/inter.git
IBM Plex,https://github.com/IBM/plex.git
Fantasque Sans Mono,https://github.com/belluzj/fantasque-sans.git
Redacted,https://github.com/christiannaths/Redacted-Font.git
Mononoki,https://github.com/madmalik/mononoki.git
Source Sans Pro,https://github.com/adobe-fonts/source-sans-pro.git
Sparks,https://github.com/aftertheflood/sparks.git
Source Serif Pro,https://github.com/adobe-fonts/source-serif-pro.git
Recursive,https://github.com/arrowtype/recursive.git
Work Sans,https://github.com/weiweihuanghuang/Work-Sans.git
Montserrat,https://github.com/JulietaUla/Montserrat.git
OpenWeb Icons,https://github.com/pfefferle/openwebicons.git
Space Grotesk,https://github.com/floriankarsten/space-grotesk.git
Manrope,https://github.com/sharanda/manrope.git
scientifica,https://github.com/NerdyPepper/scientifica.git
EB Garamond,https://github.com/georgd/EB-Garamond.git
League Spartan,https://github.com/theleagueof/league-spartan.git
齊伋體 qiji-font,https://github.com/LingDong-/qiji-font.git
Mono Social Icons,https://github.com/drinchev/monosocialiconsfont.git
Pokemon Font,https://github.com/PascalPixel/pokemon-font.git
Undefined Medium,https://github.com/andirueckel/undefined-medium.git
Inconsolata,https://github.com/googlefonts/Inconsolata.git
Crimson,https://github.com/skosch/Crimson.git
Libertinus,https://github.com/alerque/libertinus.git
Barlow,https://github.com/jpt/barlow.git
Jost*,https://github.com/indestructible-type/Jost.git
Kinto,https://github.com/ookamiinc/kinto.git
Hermit,https://github.com/pcaro90/hermit.git
PolarSys B612,https://github.com/polarsys/b612.git
Cormorant,https://github.com/CatharsisFonts/Cormorant.git
Raleway,https://github.com/impallari/Raleway.git
Zilla Slab,https://github.com/mozilla/zilla-slab.git
Inria Sans and Inria Serif,https://github.com/BlackFoundryCom/InriaFonts.git
Libre Franklin,https://github.com/impallari/Libre-Franklin.git
Lexend,https://github.com/ThomasJockin/lexend.git
DECOVAR,https://github.com/TypeNetwork/Decovar.git
YoungSerif,https://github.com/noirblancrouge/YoungSerif.git
XITS,https://github.com/alif-type/xits.git
Bungee,https://github.com/djrrb/Bungee.git
Shabnam,https://github.com/rastikerdar/shabnam-font.git
DSEG,https://github.com/keshikan/DSEG.git
Meyrin,https://github.com/optional-is/Meyrin.git
Lora,https://github.com/cyrealtype/Lora-Cyrillic.git
Bebas Neue,https://github.com/dharmatype/Bebas-Neue.git
Poppins,https://github.com/itfoundry/Poppins.git
Playfair Display,https://github.com/clauseggers/Playfair-Display.git
Amiri,https://github.com/alif-type/amiri.git
Amstelvar,https://github.com/TypeNetwork/Amstelvar.git
Yrsa & Rasa,https://github.com/rosettatype/yrsa-rasa.git
Fira Math,https://github.com/firamath/firamath.git
Space Mono,https://github.com/googlefonts/spacemono.git
Sudo,https://github.com/jenskutilek/sudo-font.git
Red Hat,https://github.com/RedHatOfficial/RedHatFont.git
Optician Sans,https://github.com/anewtypeofinterference/Optician-Sans.git
Techna Sans,https://github.com/carlenlund/techna-sans.git
KaiGen Gothic,https://github.com/minjiex/kaigen-gothic.git
Neo둥근모,https://github.com/Dalgona/neodgm.git
Routed Gothic,https://github.com/dse/routed-gothic.git
Adobe Blank,https://github.com/adobe-fonts/adobe-blank.git
Ferrite Core DX,https://github.com/froyotam/ferrite-core.git
Spectral,https://github.com/productiontype/Spectral.git
Comic Neue,https://github.com/crozynski/comicneue.git
Curie,https://github.com/NerdyPepper/curie.git
Sometype Mono,https://github.com/dharmatype/Sometype-Mono.git
Behdad,https://github.com/font-store/BehdadFont.git
Merriweather,https://github.com/SorkinType/Merriweather.git
Gotico Antiqua,https://github.com/anrt-type/GoticoAntiqua.git
Sono,https://github.com/sursly/sono.git
Adobe Variable Font Prototype,https://github.com/adobe-fonts/adobe-variable-font-prototype.git
Fraunces,https://github.com/undercasetype/Fraunces.git
Bravura,https://github.com/steinbergmedia/bravura.git
Xiaolai,https://github.com/lxgw/kose-font.git
Cairo,https://github.com/Gue3bara/Cairo.git
Parastoo,https://github.com/rastikerdar/parastoo-font.git
Literata,https://github.com/googlefonts/literata.git
Sporting Grotesque,https://github.com/velvetyne/Sporting-Grotesque.git
lezar,https://github.com/BornaIz/Lalezar.git
Microsoft Selawik,https://github.com/microsoft/Selawik.git
Inknut Antiqua,https://github.com/clauseggers/Inknut-Antiqua.git
Terminal Grotesque,https://github.com/raphaelbastide/Terminal-Grotesque.git
EB Garamond 12,https://github.com/octaviopardo/EBGaramond12.git
WeatherIcons,https://github.com/kickstandapps/WeatherIcons.git
Estedad,https://github.com/aminabedi68/Estedad.git
Pfont,https://github.com/pfont/pfont.git
Social Icon Webfont,https://github.com/tombryan/social-icon-font.git
Alegreya,https://github.com/huertatipografica/Alegreya.git
Lab Mono,https://github.com/hatsumatsu/Lab-Mono.git
TT2020,https://github.com/ctrlcctrlv/TT2020.git
Violet Sans,https://github.com/violetoffice/violet_sans.git
Elstob,https://github.com/psb1558/Elstob-font.git
Kawkab Mono,https://github.com/aiaf/kawkab-mono.git
M+ FONTS,https://github.com/rayshan/mplus-fonts.git
Chomsky,https://github.com/ctrlcctrlv/chomsky.git
Rubik,https://github.com/googlefonts/rubik.git
Helmet,https://github.com/carlenlund/helmet.git
Bagnard,https://github.com/sebsan/Bagnard.git
OpenDyslexic,https://github.com/antijingoist/opendyslexic.git
ANRT Baskervville,https://github.com/anrt-type/ANRT-Baskervville.git
Libre Baskerville,https://github.com/impallari/Libre-Baskerville.git
Anyway.12px,https://github.com/JJYing/Anyway.12px.git
Naikai,https://github.com/max32002/naikaifont.git
Vollkorn,https://github.com/FAlthausen/Vollkorn-Typeface.git
Libre Barcode,https://github.com/graphicore/librebarcode.git
Cotham Sans,https://github.com/sebsan/Cotham.git
Aref Ruqaa,https://github.com/alif-type/aref-ruqaa.git
Garamond Math,https://github.com/YuanshengZhao/Garamond-Math.git
DM Fonts,https://github.com/googlefonts/dm-fonts.git
Junicode New,https://github.com/psb1558/Junicode-New.git
Digital Numbers,https://github.com/s-a/digital-numbers-font.git
BPMN,https://github.com/bpmn-io/bpmn-font.git
Encode Sans,https://github.com/impallari/Encode-Sans.git
Iranian,https://github.com/font-store/font-Iranian.git
Kanit,https://github.com/cadsondemak/kanit.git
Nika,https://github.com/font-store/NikaFont.git
Secuela,https://github.com/defharo/secuela-variable.git
Heebo,https://github.com/OdedEzer/heebo.git
Nunito,https://github.com/vernnobile/NunitoFont.git
Miriam Libre,https://github.com/MichalSahar/Miriam-Libre.git
Quicksand,https://github.com/andrew-paglinawan/QuicksandFamily.git
Catamaran,https://github.com/VanillaandCream/Catamaran-Tamil.git
Paysage,https://gitlab.com/antonmoglia/Paysage.git
Courier Prime,https://github.com/quoteunquoteapps/CourierPrime.git
Mikhak,https://github.com/aminabedi68/Mikhak.git
Roboto Flex,https://github.com/TypeNetwork/Roboto-Flex.git
Junicode,https://github.com/Fromager/junicode.git
Futura Renner,https://github.com/noirblancrouge/FuturaRenner.git
King James Verſion 1611,https://github.com/ctrlcctrlv/kjv1611.git
Boon,https://github.com/fontuni/boon.git
Wonder Unit Sans,https://github.com/wonderunit/font-wonder-unit.git
Ysabeau,https://github.com/CatharsisFonts/Ysabeau.git
Noto Sans Nüshu,https://github.com/notofonts/noto-sans-nushu.git
Libre Bodoni,https://github.com/impallari/Libre-Bodoni.git
Press Start 2P,https://github.com/codeman38/PressStart2P.git
The Inter Typeface (npm distribution),https://github.com/philipbelesky/inter-ui.git
Palanquin,https://github.com/VanillaandCream/Palanquin.git
Iran Nastaliq,https://github.com/font-store/font-IranNastaliq.git
Bitocra,https://github.com/ninjaaron/bitocra.git
Plus Jakarta Sans,https://github.com/tokotype/PlusJakartaSans.git
Eczar,https://github.com/rosettatype/eczar.git
Archivo,https://github.com/Omnibus-Type/Archivo.git
CYanHeiHK (昭源甄黑體),https://github.com/tamcy/CYanHeiHK.git
Chiron Sans HK (昭源黑體),https://github.com/tamcy/chiron-sans-hk.git
Linearx,https://github.com/inconvergent/linearx-font.git
Fonts CU,https://github.com/typiconman/fonts-cu.git
Kazewasa,https://github.com/kazesawa/kazesawa.git
Epilogue,https://github.com/Etcetera-Type-Co/Epilogue.git
Joscelyn,https://github.com/psb1558/Joscelyn-font.git
Reem Kufi,https://github.com/alif-type/reem-kufi.git
Assistant,https://github.com/hafontia/Assistant.git
Proza Libre,https://github.com/jasperdewaard/Proza-Libre.git
Markazi Text,https://github.com/BornaIz/markazitext.git
Tajawal,https://github.com/googlefonts/tajawal.git
Ganjname,https://github.com/font-store/GanjnamehFont.git
Mada,https://github.com/alif-type/mada.git
Asap,https://github.com/Omnibus-Type/Asap.git
Autonym,https://github.com/santhoshtr/AutonymFont.git
Drama Sans,https://github.com/drama-sans/drama-sans.git
Lil Grotesk,https://github.com/noirblancrouge/LilGrotesk.git
Never Mind,https://github.com/xmindltd/nevermind.git
Dots Font,https://github.com/kylewelsby/dotsfont.git
Abhaya Libre,https://github.com/mooniak/abhaya-libre-font.git
Gelasio,https://github.com/SorkinType/Gelasio.git
Daddy Time Mono,https://github.com/BourgeoisBear/DaddyTimeMono.git
Harano Aji,https://github.com/trueroad/HaranoAjiFonts.git
Manifont Grotesk,https://github.com/Interstices-/Manifont-Grotesk.git
Big Shoulders,https://github.com/xotypeco/big_shoulders.git
Panamera,https://github.com/noirblancrouge/Panamera.git
Varela Round,https://github.com/avrahamcornfeld/Varela-Round-Hebrew.git
Saira,https://github.com/Omnibus-Type/Saira.git
Pacifico,https://github.com/vernnobile/PacificoFont.git
Comme,https://github.com/vernnobile/commeFont.git
Reglo,https://github.com/sebsan/Reglo.git
Hanken Grotesk,https://github.com/marcologous/hanken-grotesk.git
Brass Mono,https://github.com/fonsecapeter/brass_mono.git
Canola,https://github.com/metapolator/canola.git
Cinder,https://github.com/chaoticbob/Cinder-SdfText.git
Yozai,https://github.com/lxgw/yozai-font.git
Homecomputer Fonts,https://github.com/jenskutilek/homecomputer-fonts.git
Prompt,https://github.com/cadsondemak/prompt.git
Lato,https://github.com/latofonts/lato-source.git
RT Raleway,https://github.com/ronik-design/RT-Raleway.git
Hepta Slab,https://github.com/mjlagattuta/Hepta-Slab.git
Mock Flow Font,https://github.com/produle/MockFlowFont.git
Old Standard,https://github.com/akryukov/oldstand.git
Sen,https://github.com/philatype/Sen.git
Bebas Kai(改),https://github.com/dharmatype/Bebas-Kai.git
Cabin,https://github.com/impallari/Cabin.git
Quaerite Regnum Dei,https://github.com/ctrlcctrlv/QuaeriteRegnumDei.git
Coelacanth,https://github.com/Fuzzypeg/Coelacanth.git
beVietnam,https://github.com/bettergui/BeVietnam.git
Minipax,https://github.com/ronotypo/Minipax.git
Lobster,https://github.com/impallari/The-Lobster-Font.git
Merriweather Sans,https://github.com/SorkinType/Merriweather-Sans.git
Black Han Sans,https://github.com/zesstype/Black-Han-Sans.git
Commissioner,https://github.com/kosbarts/Commissioner.git
Didact Gothic,https://github.com/ossobuffo/didact-gothic.git
Grenze,https://github.com/Omnibus-Type/Grenze.git
Punk Nova,https://github.com/alif-type/punk-otf.git
Lilex,https://github.com/mishamyrt/Lilex.git
Mailpile,https://github.com/mailpile/fonts.git
Titillium Web,https://github.com/eliheuer/titillium-web-vf.git
Bellefair,https://github.com/shinntype/bellefair.git
Adobe NotDef,https://github.com/adobe-fonts/adobe-notdef.git
Leon Sans,https://github.com/cmiscm/leonsansfont.git
Lemonada,https://github.com/Gue3bara/Lemonada.git
Farbod,https://github.com/font-store/FarbodFont.git
Trickster,https://github.com/velvetyne/Trickster.git
Mirza,https://github.com/Tarobish/Mirza.git
Tilt,https://github.com/andyclymer/Tilt-Typeface.git
Anuphan,https://github.com/cadsondemak/Anuphan.git
El Messiri,https://github.com/Gue3bara/El-Messiri.git
Chivo,https://github.com/Omnibus-Type/Chivo.git
AzarMehr,https://github.com/aminabedi68/AzarMehrMonospaced.git
Anomaly Mono,https://github.com/benbusby/anomaly-mono.git
Kulim Park,https://github.com/noponies/Kulim-Park.git
Arima,https://github.com/NDISCOVER/Arima-Font.git
Courier Prime Code,https://github.com/quoteunquoteapps/CourierPrimeCode.git
Accessible DfA,https://github.com/Orange-OpenSource/font-accessible-dfa.git
LCD,https://github.com/ctrlcctrlv/lcd-font.git
Comfortaa,https://github.com/googlefonts/comfortaa.git
Libre Caslon Text,https://github.com/impallari/Libre-Caslon-Text.git
Scope One,https://github.com/daltonmaag/scope-one.git
Pelagiad,https://github.com/Isaskar/Pelagiad.git
Compyx,https://github.com/RoelN/Compyx.git
Metrico,https://github.com/fkretlow/metrico.git
Tomorrow,https://github.com/MonicaRizzolli/Tomorrow.git
Adobe Blank 2,https://github.com/adobe-fonts/adobe-blank-2.git
Libre Caslon Display,https://github.com/impallari/Libre-Caslon-Display.git
Campania,https://github.com/MarcSabatella/Campania.git
Vesper Libre,https://github.com/motaitalic/vesper-libre.git
Gap Sans,https://github.com/Interstices-/GapSans.git
DSE Typewriter,https://github.com/dse/dse-typewriter-font.git
Litúrgica,https://github.com/marciovsena/liturgica-font.git
Exo 2,https://github.com/NDISCOVER/Exo-2.0.git
Kenten Generic,https://github.com/adobe-fonts/kenten-generic.git
Swei Gothic,https://github.com/max32002/swei-gothic.git
Rosario,https://github.com/Omnibus-Type/Rosario.git
Source Devanagari Sans,https://github.com/adobe-fonts/source-devanagari-sans.git
M+,https://github.com/coz-m/MPLUS_FONTS.git
Unna,https://github.com/Omnibus-Type/Unna.git
Libre Clarendon,https://github.com/impallari/Libre-Clarendon.git
Bagnard Sans,https://github.com/sebsan/Bagnard-Sans.git
Courier Prime Sans,https://github.com/quoteunquoteapps/CourierPrimeSans.git
Martel Sans,https://github.com/typeoff/martel_sans.git
Cyberpunk,https://github.com/gilescope/cyberpunkfonts.git
Blinker,https://github.com/supertype-de/Blinker.git
Drucifer Monospace,https://github.com/drucifer/drucifer-monospace.git
源音黑體 Genne Gothic,https://github.com/MoneMizuno/Genne-Gothic.git
POST NO BILLS,https://github.com/mooniak/post-no-bills-font.git
Dosis,https://github.com/impallari/Dosis.git
Shahab,https://github.com/font-store/ShahabFont.git
8bit Art Sans,https://github.com/potch/8bitArtSans.git
Statusbar,https://github.com/grmat/statusbar.git
Anybody,https://github.com/Etcetera-Type-Co/Anybody.git
Trispace,https://github.com/Etcetera-Type-Co/Trispace.git
Chilanka,https://github.com/smc/Chilanka.git
PAYW,https://github.com/payw-org/PAYW-Pro.git
VT323,https://github.com/phoikoi/VT323.git
Farro,https://github.com/grayscaleltd/farro.git
Epistle,https://github.com/eliheuer/epistle.git
Ludum Dairy,https://github.com/mikekasprzak/font-ludum-dairy.git
Outward,https://github.com/raoulaudouin/outward.git
